FirstName,LastName,Company,Address,City,County,State,ZIP,Phone,Fax,Email,WebEssie,Vaill,Litronic Industries,14225 Hancock Dr,Anchorage,Anchorage,AK,99515,907-345-0962,907-345-1215,essie@vaill.com,http://www.essievaill.comCruz,Roudabush,Meridian Products,2202 S Central Ave,Phoenix,Maricopa,AZ,85004,602-252-4827,602-252-4009,cruz@roudabush.com,http://www.cruzroudabush.comBillie,Tinnes,D & M Plywood Inc,28 W 27th St,New York,New York,NY,10001,212-889-5775,212-889-5764,billie@tinnes.com,http://www.billietinnes.comZackary,Mockus,Metropolitan Elevator Co,286 State St,Perth Amboy,Middlesex,NJ,8861,732-442-0638,732-442-5218,zackary@mockus.com,http://www.zackarymockus.comRosemarie,Fifield,Technology Services,3131 N Nimitz Hwy  #-105,Honolulu,Honolulu,HI,96819,808-836-8966,808-836-6008,rosemarie@fifield.com,http://www.rosemariefifield.comBernard,Laboy,Century 21 Keewaydin Prop,22661 S Frontage Rd,Channahon,Will,IL,60410,815-467-0487,815-467-1244,bernard@laboy.com,http://www.bernardlaboy.comSue,Haakinson,Kim Peacock Beringhause,9617 N Metro Pky W,Phoenix,Maricopa,AZ,85051,602-953-2753,602-953-0355,sue@haakinson.com,http://www.suehaakinson.comValerie,Pou,Sea Port Record One Stop Inc,7475 Hamilton Blvd,Trexlertown,Lehigh,PA,18087,610-395-8743,610-395-6995,valerie@pou.com,http://www.valeriepou.comLashawn,Hasty,Kpff Consulting Engineers,815 S Glendora Ave,West Covina,Los Angeles,CA,91790,626-960-6738,626-960-1503,lashawn@hasty.com,http://www.lashawnhasty.comMarianne,Earman,Albers Technologies Corp,6220 S Orange Blossom Trl,Orlando,Orange,FL,32809,407-857-0431,407-857-2506,marianne@earman.com,http://www.marianneearman.comMandy,Mcdonnell,Southern Vermont Surveys,343 Bush St Se,Salem,Marion,OR,97302,503-371-8219,503-371-1118,mandy@mcdonnell.com,http://www.mandymcdonnell.comCyril,Behen,National Paper & Envelope Corp,1650 S Harbor Blvd,Anaheim,Orange,CA,92802,714-772-5050,714-772-3859,cyril@behen.com,http://www.cyrilbehen.comRosalind,Krenzke,Waldein Manufacturing,7000 Bass Lake Rd  #-200,Minneapolis,Hennepin,MN,55428,763-537-4194,763-537-3885,rosalind@krenzke.com,http://www.rosalindkrenzke.comDavis,Brevard,Transit Trading Corp,6715 Tippecanoe Rd,Canfield,Mahoning,OH,44406,330-533-6346,330-533-8211,davis@brevard.com,http://www.davisbrevard.comWinnie,Reich,Pacific Seating Co,1535 Hawkins Blvd,El Paso,El Paso,TX,79925,915-771-2730,915-771-5729,winnie@reich.com,http://www.winniereich.comDeshawn,Inafuku,Telair Div Of Teleflex Inc,3508 Leopard St,Corpus Christi,Nueces,TX,78408,361-884-8433,361-884-3985,deshawn@inafuku.com,http://www.deshawninafuku.comClaudio,Loose,Audiotek Electronics,286 State St,Perth Amboy,Middlesex,NJ,8861,732-442-8514,732-442-1775,claudio@loose.com,http://www.claudioloose.comAbel,Tuter,Wernsing Plumbing & Heating,2457 Perkiomen Ave,Reading,Berks,PA,19606,610-370-6549,610-370-0856,abel@tuter.com,http://www.abeltuter.comAdela,Cervantsz,Arizona Awards,102 5th St N,Clanton,Chilton,AL,35045,205-755-4137,205-755-1034,adela@cervantsz.com,http://www.adelacervantsz.comAileen,Mottern,Bennett Hallmark Cards,2053 Lemoine Ave,Fort Lee,Bergen,NJ,7024,201-944-1664,201-944-3382,aileen@mottern.com,http://www.aileenmottern.comAlejandra,Prenatt,Mitchell De Burring Co,6850 S Harlem Ave,Summit Argo,Cook,IL,60501,708-496-6958,708-496-4617,alejandra@prenatt.com,http://www.alejandraprenatt.comAlejandro,Mascall,Railway Educational Bureau,2350 Duke St,Alexandria,Alexandria City,VA,22314,703-684-2882,703-684-8561,alejandro@mascall.com,http://www.alejandromascall.comAlene,Rabeck,Bucks County Of,475 E 162nd St,South Holland,Cook,IL,60473,708-333-8056,708-333-2125,alene@rabeck.com,http://www.alenerabeck.comAlfonso,Griglen,Paul D Friedman,577 Township Road  #-30s,Ada,Hardin,OH,45810,419-634-3513,419-634-5733,alfonso@griglen.com,http://www.alfonsogriglen.comAlissa,Mountjoy,Technical & Mgmt Svc Corp,6585 Commerce Blvd,Rohnert Park,Sonoma,CA,94928,707-585-9715,707-585-7011,alissa@mountjoy.com,http://www.alissamountjoy.comAllan,Schwantd,Micro Wire Products,406 Ne 3rd St,McMinnville,Yamhill,OR,97128,503-434-9666,503-434-3863,allan@schwantd.com,http://www.allanschwantd.comAllyson,Gillispie,De Friese Theo & Sons,1722 White Horse Mercerville R,Trenton,Mercer,NJ,8619,609-584-1794,609-584-0645,allyson@gillispie.com,http://www.allysongillispie.comAlva,Pennigton,Citizens Savings Bank,1275 County Road 210 W,Jacksonville,Saint Johns,FL,32259,904-260-2345,904-260-3735,alva@pennigton.com,http://www.alvapennigton.comAlyssa,Biasotti,Johnson Hardware Co,22 James St,Middletown,Orange,NY,10940,845-343-1878,845-343-5354,alyssa@biasotti.com,http://www.alyssabiasotti.comAmelia,Caputo,Security Marketing Agency,1800 Airport Way,Fairbanks,Fairbanks North Star,AK,99701,907-456-1748,907-456-7535,amelia@caputo.com,http://www.ameliacaputo.comAngelique,Schermerhorn,Safety Direct Inc,511 Saint Johns Ave,Palatka,Putnam,FL,32177,386-328-7869,386-328-1499,angelique@schermerhorn.com,http://www.angeliqueschermerhorn.comAnnabelle,Coger,Center For Resource Management,1200 Shreveport Barksdale Hwy,Shreveport,Caddo,LA,71105,318-865-8418,318-865-7381,annabelle@coger.com,http://www.annabellecoger.comAnnette,Frietas,Monsanto Chemical Company,45 W 46th St,New York,New York,NY,10036,212-944-8670,212-944-9464,annette@frietas.com,http://www.annettefrietas.comAntione,Mccleary,Cerberus Pyrotronics,1110 25th Ave N,Fargo,Cass,ND,58102,701-293-8410,701-293-7439,antione@mccleary.com,http://www.antionemccleary.comArmando,Kolm,Cooper & Cooper Cpas,201 N Main St,Anderson,Anderson,SC,29621,864-260-3642,864-260-9205,armando@kolm.com,http://www.armandokolm.comArmando,Papik,Cryogenic Society Of America,615 W Markham St,Little Rock,Pulaski,AR,72201,501-376-4154,501-376-0608,armando@papik.com,http://www.armandopapik.comAshley,Leonesio,Martinique Resort Hotel,15 Park Row,New York,New York,NY,10038,212-227-3681,212-227-4343,ashley@leonesio.com,http://www.ashleyleonesio.comAthena,Fontanilla,Willamette Hobbies,5020 Germantown Ave,Philadelphia,Philadelphia,PA,19144,215-438-9675,215-438-1716,athena@fontanilla.com,http://www.athenafontanilla.comAudra,Cantu,Chesapeake Telephone Systems,935 S 2nd St,Plainfield,Union,NJ,7063,908-756-1816,908-756-5441,audra@cantu.com,http://www.audracantu.comBarbara,Hindley,Kirin Amgen,904 N Lake St,Burbank,Los Angeles,CA,91502,818-841-8886,818-841-8221,barbara@hindley.com,http://www.barbarahindley.comBart,Hachey,Pip Printing,490 S Broad St,Canfield,Mahoning,OH,44406,330-533-9769,330-533-6543,bart@hachey.com,http://www.barthachey.comBarton,Friesner,Optical Supply,1 Summit Ct,Fishkill,Dutchess,NY,12524,845-896-6652,845-896-1692,barton@friesner.com,http://www.bartonfriesner.comBenjamin,Schkade,Port Brownsville Pub Scale Inc,1636 E 1st Ave,Anchorage,Anchorage,AK,99501,907-278-8687,907-278-7166,benjamin@schkade.com,http://www.benjaminschkade.comBert,Schadle,Guaranty Chevrolet Geo,500 Sw Loop  #-820,Fort Worth,Tarrant,TX,76115,817-921-5560,817-921-5913,bert@schadle.com,http://www.bertschadle.comBerta,Karczewski,Sather Eng Inc,1035 N Mcqueen Rd  #-133,Gilbert,Maricopa,AZ,85233,480-926-0770,480-926-7533,berta@karczewski.com,http://www.bertakarczewski.comBertram,Quertermous,Florida Mining & Materials,222 Delaware Ave,Wilmington,New Castle,DE,19801,302-655-8039,302-655-4522,bertram@quertermous.com,http://www.bertramquertermous.comBess,Marso,Lesher Printers Inc,15542 Chemical Ln,Huntington Beach,Orange,CA,92649,714-895-4582,714-895-8188,bess@marso.com,http://www.bessmarso.comBeverley,Bunche,Nurses Organization Vets Affrs,1727 Nw 79th Ave,Miami,Miami-Dade,FL,33126,305-591-4141,305-591-7751,beverley@bunche.com,http://www.beverleybunche.comBeverly,Cambel,Mcintyre Mcintyre & Mcintyre,630 W 8th Ave,Anchorage,Anchorage,AK,99501,907-272-3953,907-272-3618,beverly@cambel.com,http://www.beverlycambel.comBoris,Catino,Dream Homes Usa Inc,645 Church St,Norfolk,Norfolk City,VA,23510,757-627-8408,757-627-6195,boris@catino.com,http://www.boriscatino.comBradly,Hasselvander,Public Works Department Office,2302 Artesia Blvd,Redondo Beach,Los Angeles,CA,90278,310-374-2374,310-374-2363,bradly@hasselvander.com,http://www.bradlyhasselvander.comBrendan,Qin,Allegro Copy & Print,305 Griffin Ave Sw,Eastman,Dodge,GA,31023,478-374-5686,478-374-6992,brendan@qin.com,http://www.brendanqin.comBrent,Vaidya,Crain Industries,45 Church St,Stamford,Fairfield,CT,6906,203-359-2824,203-359-6466,brent@vaidya.com,http://www.brentvaidya.comBridget,Bottella,Mid State Construction Prod,112 E Pecan St,San Antonio,Bexar,TX,78205,210-224-9708,210-224-4881,bridget@bottella.com,http://www.bridgetbottella.comBridget,Knightly,Teamsters Union Local 20,66 Flint St,Asheville,Buncombe,NC,28801,828-251-0817,828-251-4242,bridget@knightly.com,http://www.bridgetknightly.comBridgett,Retort,Womens Resource & Refrl Ntwrk,6747 Signat Dr,Houston,Harris,TX,77041,713-466-7259,713-466-3278,bridgett@retort.com,http://www.bridgettretort.comBryan,Rovell,All N All Shop,90 Hackensack St,East Rutherford,Bergen,NJ,7073,201-939-2788,201-939-9079,bryan@rovell.com,http://www.bryanrovell.comBurton,Brining,Corcoran Machine Company,135 E Liberty St,Wooster,Wayne,OH,44691,330-262-5481,330-262-7555,burton@brining.com,http://www.burtonbrining.comByron,Fortuna,Jackson & Collins Pa,700 Sw Higgins Ave,Missoula,Missoula,MT,59803,406-549-8320,406-549-4641,byron@fortuna.com,http://www.byronfortuna.comCallie,Leboeuf,Town Motors,100 S 2nd Ave,Alpena,Alpena,MI,49707,989-354-3344,989-354-3712,callie@leboeuf.com,http://www.callieleboeuf.comCandice,Bruckman,Fernando Foods Inc,611 1st Ave N,Humboldt,Humboldt,IA,50548,515-332-0809,515-332-9083,candice@bruckman.com,http://www.candicebruckman.comCarla,Humble,Express Printing Center,11796 Sheldon St,Sun Valley,Los Angeles,CA,91352,818-768-0662,818-768-1832,carla@humble.com,http://www.carlahumble.comCarmel,Overfelt,Woodworkers Supply Inc,6801 Lake Worth Rd,Lake Worth,Palm Beach,FL,33467,561-965-5167,561-965-1433,carmel@overfelt.com,http://www.carmeloverfelt.comCarmella,Wishman,Meicher Cpa,1515 Wyoming St,Missoula,Missoula,MT,59801,406-728-6772,406-728-7668,carmella@wishman.com,http://www.carmellawishman.comCarol,Krisman,Uniglobe Transeas Travel,100 E 85th St,New York,New York,NY,10028,212-472-7877,212-472-9579,carol@krisman.com,http://www.carolkrisman.comCary,Mccamey,Williams Scotsman,100 E Broad St,Columbus,Franklin,OH,43215,614-225-0900,614-225-1612,cary@mccamey.com,http://www.carymccamey.comCathryn,Nicolaus,Perkins Photo/graphics Inc,2575 State Highway 32,Chico,Butte,CA,95973,530-345-4627,530-345-8372,cathryn@nicolaus.com,http://www.cathrynnicolaus.comCelia,Slavin,Acra Aerospace Inc,8750 W Bryn Mawr Ave,Chicago,Cook,IL,60631,773-256-3550,773-256-2162,celia@slavin.com,http://www.celiaslavin.comChad,Miklas,Red Carpet Inn,31 S Grove St,East Aurora,Erie,NY,14052,716-655-2736,716-655-2749,chad@miklas.com,http://www.chadmiklas.comChase,Furler,Hostetler & Kowalik,3333 Se 21st St,Topeka,Shawnee,KS,66607,785-354-7091,785-354-3042,chase@furler.com,http://www.chasefurler.comCherie,Fuhri,Continental Baking Co,3679 College Rd,Fairbanks,Fairbanks North Star,AK,99709,907-456-9072,907-456-8467,cherie@fuhri.com,http://www.cheriefuhri.comChi,Greenlaw,E & T Screw Machine Products,4300 N Miller Rd  #-143,Scottsdale,Maricopa,AZ,85251,480-946-1537,480-946-1657,chi@greenlaw.com,http://www.chigreenlaw.comChrista,Bodenschatz,Stationers Inc,Tilton Rd,Danville,Vermilion,IL,61832,217-443-6280,217-443-6382,christa@bodenschatz.com,http://www.christabodenschatz.comClaire,Moyerman,Grt Nthrn Shoe Rpr & Dry Clnrs,2280 S Xanadu Way  #-300,Aurora,Arapahoe,CO,80014,303-337-5701,303-337-5796,claire@moyerman.com,http://www.clairemoyerman.comColeman,Cuneo,M & M Mars,25 E High St,Waynesburg,Greene,PA,15370,724-627-4378,724-627-2305,coleman@cuneo.com,http://www.colemancuneo.comConcetta,Sarchett,Barco/chromatics Inc,2405 Grand Blvd,Kansas City,Jackson,MO,64108,816-274-3833,816-274-6897,concetta@sarchett.com,http://www.concettasarchett.comCorinne,Cowan,Ward Equipment Co,20 Montana Ave,Laurel,Yellowstone,MT,59044,406-628-4030,406-628-9418,corinne@cowan.com,http://www.corinnecowan.comCourtney,Shishido,Beymers Jewelry,145 W 6th Ave,Anchorage,Anchorage,AK,99501,907-279-2737,907-279-2025,courtney@shishido.com,http://www.courtneyshishido.comCristina,Sharper,Tax Office,111 W 40th St,New York,New York,NY,10018,212-719-3952,212-719-0754,cristina@sharper.com,http://www.cristinasharper.comCurt,Menedez,J & J Machinery Repair Inc,207 Yukon,Tampa,Hillsborough,FL,33604,813-932-8602,813-932-4548,curt@menedez.com,http://www.curtmenedez.comDamion,Matkin,Data Ware Development Inc,5830 Downing St  #-d,Denver,Denver,CO,80216,303-295-4797,303-295-3867,damion@matkin.com,http://www.damionmatkin.comDaniel,Zill,Safety Team Inc,550 N Brand Blvd  #-1940,Glendale,Los Angeles,CA,91203,818-507-7207,818-507-1925,daniel@zill.com,http://www.danielzill.comDanny,Dales,Barrett Bindery Co,3530 E Washington St,Phoenix,Maricopa,AZ,85034,602-225-9543,602-225-9028,danny@dales.com,http://www.dannydales.comDarrel,Tork,S & T Machining,2121 S Mannheim Rd,Westchester,Cook,IL,60154,708-865-8091,708-865-8984,darrel@tork.com,http://www.darreltork.comDarren,Merlin,Pozzuolo & Perkiss Pc,550 N Edward St,Decatur,Macon,IL,62522,217-428-0453,217-428-1491,darren@merlin.com,http://www.darrenmerlin.comDavis,Heideman,Dennis J Wall Atty At Law Pa,801 W 5th St,Fort Worth,Tarrant,TX,76102,817-332-7902,817-332-5439,davis@heideman.com,http://www.davisheideman.comDeandre,Resendiz,Sav Mart,4 Trvl Svc Carlson Trvl Ways,Twin Falls,Twin Falls,ID,83301,208-733-8306,208-733-3476,deandre@resendiz.com,http://www.deandreresendiz.comDeanna,Gerbi,Centerville Historical Society,264 Broadway,Jersey City,Hudson,NJ,7306,201-433-0391,201-433-3619,deanna@gerbi.com,http://www.deannagerbi.comDelmer,Delucas,American Processing Co Inc,2770 Walden Ave,Buffalo,Erie,NY,14225,716-874-1439,716-874-3467,delmer@delucas.com,http://www.delmerdelucas.comDelphine,Helmich,Friends Hospital,50 Aviation Way,Watsonville,Santa Cruz,CA,95076,831-763-4348,831-763-0923,delphine@helmich.com,http://www.delphinehelmich.comDenise,Speegle,Shipley Oil Company,2078 Foster Ave,Wheeling,Cook,IL,60090,847-870-8743,847-870-6026,denise@speegle.com,http://www.denisespeegle.comDenver,Topete,Insight Cablevision,5770 Morehouse Dr,San Diego,San Diego,CA,92121,858-457-3538,858-457-0465,denver@topete.com,http://www.denvertopete.comDerek,Kreutzbender,Recycle Metals Corp,411 E Wisconsin Ave,Milwaukee,Milwaukee,WI,53202,414-271-5253,414-271-6234,derek@kreutzbender.com,http://www.derekkreutzbender.comDevon,Samrah,Software Pursuits Inc,1219 Pine Ave,Orlando,Orange,FL,32824,407-240-2401,407-240-8312,devon@samrah.com,http://www.devonsamrah.comDionne,Borycz,Pepsi Cola Dr Pepper Bottling,77 S Washington St  #-207,Rockville,Montgomery,MD,20850,301-294-0154,301-294-7523,dionne@borycz.com,http://www.dionneborycz.comDollie,Daquino,Jd Edwards & Co,1005 Congress Ave,Austin,Travis,TX,78701,512-478-9636,512-478-9874,dollie@daquino.com,http://www.dolliedaquino.comDollie,Pillitteri,Jiffy Moving & Storage Company,4024 Merchant Rd,Fort Wayne,Allen,IN,46818,260-489-3094,260-489-4697,dollie@pillitteri.com,http://www.dolliepillitteri.comDon,Mestler,Coldwell Bnkr Hearthside Rltrs,State Hwy  #-31,Pennington,Mercer,NJ,8534,609-737-2033,609-737-2374,don@mestler.com,http://www.donmestler.comDonald,Sherretts,Nylonge Corporation,1062 Folsom St,San Francisco,San Francisco,CA,94103,415-255-7718,415-255-7088,donald@sherretts.com,http://www.donaldsherretts.comDoreen,Sakurai,Airlifter,211 E 50th St,New York,New York,NY,10022,212-759-4757,212-759-7548,doreen@sakurai.com,http://www.doreensakurai.comDoug,Matrisciano,Cefpi,12500 Ne 10th Pl,Bellevue,King,WA,98005,425-451-5906,425-451-1273,doug@matrisciano.com,http://www.dougmatrisciano.comDwain,Agricola,Beatty Satchell Everngam & Co,211 N Main St,Leitchfield,Grayson,KY,42754,270-259-5194,270-259-0821,dwain@agricola.com,http://www.dwainagricola.comDwain,Cuttitta,Kintech Stamping Inc,1919 Connecticut Ave Nw,Washington,District of Columbia,DC,20009,202-265-7854,202-265-9475,dwain@cuttitta.com,http://www.dwaincuttitta.comEd,Gompf,Corro Therm Inc,3 B Floor Care & Hskpg Svc,Catawissa,Columbia,PA,17820,570-799-2838,570-799-4583,ed@gompf.com,http://www.edgompf.comEddie,Gauer,Easy Mail,506 Kellogg Ave,Ames,Story,IA,50010,515-233-2381,515-233-6551,eddie@gauer.com,http://www.eddiegauer.comEdgardo,Prudente,R A Hamilton Corp,1110 N Highway 360,Grand Prairie,Dallas,TX,75050,972-660-3960,972-660-0934,edgardo@prudente.com,http://www.edgardoprudente.comEduardo,Bellendir,Powers & Assocs,1800 Pine Run Rd,Wilkes Barre,Luzerne,PA,18702,570-822-0721,570-822-6267,eduardo@bellendir.com,http://www.eduardobellendir.comEdwin,Lavelli,Letterguide Co,W 1st St,East Liverpool,Columbiana,OH,43920,330-385-4581,330-385-9959,edwin@lavelli.com,http://www.edwinlavelli.comEfren,Baucher,R O Binson Inc,Rts 232 & 413,Newtown,Bucks,PA,18940,215-598-4644,215-598-5929,efren@baucher.com,http://www.efrenbaucher.comElaine,Renzi,Delvel Chem Co,221 E 59th St,New York,New York,NY,10022,212-826-7966,212-826-2043,elaine@renzi.com,http://www.elainerenzi.comEldon,Sutch,Friesen And Kane Public Accts,1818 E Atlantic St,Philadelphia,Philadelphia,PA,19134,215-743-2414,215-743-2529,eldon@sutch.com,http://www.eldonsutch.comEliseo,Wice,A Limousine Service,711 W 38th St,Austin,Travis,TX,78705,512-458-0034,512-458-7226,eliseo@wice.com,http://www.eliseowice.comElmo,Dagenais,P C Routing Inc,12914 Old Stage Rd,Chester,Chesterfield,VA,23831,804-796-5647,804-796-9493,elmo@dagenais.com,http://www.elmodagenais.comElmo,Gabouer,Conduit & Foundation Corp,275 W Bridge St,New Hope,Bucks,PA,18938,215-862-6538,215-862-7006,elmo@gabouer.com,http://www.elmogabouer.comElvira,Blumenthal,Stell Mortgage Investors,108 Washington St,Keokuk,Lee,IA,52632,319-524-6237,319-524-9435,elvira@blumenthal.com,http://www.elvirablumenthal.comEmery,Reek,Metri Tech Engineering Inc,85 S Beachview Dr,Jekyll Island,Glynn,GA,31527,912-635-3866,912-635-4039,emery@reek.com,http://www.emeryreek.comEmilia,Oxley,Buckeye Reserve Title,14651 Dallas Pky,Dallas,Dallas,TX,75240,214-702-8125,214-702-4766,emilia@oxley.com,http://www.emiliaoxley.comErica,Eyrich,C & I Computer Services Inc,1515 Wyoming St,Missoula,Missoula,MT,59801,406-728-7293,406-728-4789,erica@eyrich.com,http://www.ericaeyrich.comEva,Seahorn,Saunders Appraisal Inc,3 Northern Blvd,Amherst,Hillsborough,NH,3031,603-673-6072,603-673-5009,eva@seahorn.com,http://www.evaseahorn.comEvan,Pyfrom,Nevada Baking Co,5430 Alpha Rd,Dallas,Dallas,TX,75240,214-661-4625,214-661-8804,evan@pyfrom.com,http://www.evanpyfrom.comEzekiel,Mildon,Ace Pro Pest Cntrl Inc,10 Rogers St,Cambridge,Middlesex,MA,2142,617-494-5618,617-494-3365,ezekiel@mildon.com,http://www.ezekielmildon.comFelipe,Mahone,Apartment Mart,1001 Bishop St  #-2850,Honolulu,Honolulu,HI,96813,808-536-3239,808-536-1231,felipe@mahone.com,http://www.felipemahone.comFloyd,Veazey,Ramada Inn San Fran Arprt N,2877 E Florence Ave,Huntington Park,Los Angeles,CA,90255,323-862-9133,323-862-5589,floyd@veazey.com,http://www.floydveazey.comFran,Zanders,River City Body Co,6312 S Yellowstone Hwy,Idaho Falls,Bonneville,ID,83402,208-525-6418,208-525-5501,fran@zanders.com,http://www.franzanders.comFrancis,Soo,Allen Industrial Supply,218 W Main St,Sparta,Monroe,WI,54656,608-269-7306,608-269-3359,francis@soo.com,http://www.francissoo.comFreida,Michelfelder,Fun Discovery Inc,117 Martin Luther King Jr Dr S,Atlanta,Fulton,GA,30303,404-521-3372,404-521-3223,freida@michelfelder.com,http://www.freidamichelfelder.comGarth,Skiffington,Fox & Killbride,22 Mill St,Paterson,Passaic,NJ,7501,973-684-7654,973-684-6309,garth@skiffington.com,http://www.garthskiffington.comGaston,Cieloszyk,Center For Hope Hospice Inc,1160 Wccs,Homer City,Indiana,PA,15748,724-479-0355,724-479-7077,gaston@cieloszyk.com,http://www.gastoncieloszyk.comGayla,Geimer,Ortman Mccain Co,1280 Price Ave,Pomona,Los Angeles,CA,91767,909-620-6453,909-620-2768,gayla@geimer.com,http://www.gaylageimer.comGeorge,Tukis,Andow Personnel Services,8 Inn Of Americus,Americus,Sumter,GA,31709,229-924-0263,229-924-4251,george@tukis.com,http://www.georgetukis.comGeorgette,Bandyk,Specialty Alumn Castings Inc,1965 Wakefield Ave,Petersburg,Petersburg City,VA,23805,804-796-2746,804-796-5351,georgette@bandyk.com,http://www.georgettebandyk.comGeri,Forness,Quality Dynamics Group,Capitol Ave,Corydon,Harrison,IN,47112,812-738-9416,812-738-4816,geri@forness.com,http://www.geriforness.comGermaine,Bruski,Alloy Founders,2301 S Cushman St,Fairbanks,Fairbanks North Star,AK,99701,907-456-8225,907-456-9261,germaine@bruski.com,http://www.germainebruski.comGregg,Guevarra,Arbor Center,221 S Kerr Ave,Wilmington,New Hanover,NC,28403,910-799-9811,910-799-1965,gregg@guevarra.com,http://www.greggguevarra.comHanna,Cinkan,Northbrook Flowers,1150 Nw 72nd Ave  #-333,Miami,Miami-Dade,FL,33126,305-477-7869,305-477-7089,hanna@cinkan.com,http://www.hannacinkan.comHannah,Facio,Cmptr Pros For Scl,115 E Church St,Elberton,Elbert,GA,30635,706-283-8280,706-283-6916,hannah@facio.com,http://www.hannahfacio.comHans,Carlan,Midlen & Guillot Chartered,509 W 4th Ave,Anchorage,Anchorage,AK,99501,907-276-2956,907-276-6002,hans@carlan.com,http://www.hanscarlan.comHeath,Vanalphen,California Stat Min & Mnrl Mus,227 Commercial St,Provincetown,Barnstable,MA,2657,508-487-6010,508-487-0597,heath@vanalphen.com,http://www.heathvanalphen.comHelene,Iberg,Spec Check Inc,24800 Rockside Rd,Bedford,Cuyahoga,OH,44146,440-786-6052,440-786-9246,helene@iberg.com,http://www.heleneiberg.comHeriberto,Tivis,Newood,1135 Kildaire Farm Rd,Cary,Wake,NC,27511,919-460-8104,919-460-4304,heriberto@tivis.com,http://www.heribertotivis.comHilario,Cassa,Independence Assocaites Inc,2222 Santa Monica Blvd,Santa Monica,Los Angeles,CA,90404,310-828-6710,310-828-1895,hilario@cassa.com,http://www.hilariocassa.comHillary,Holmes,Dennis N Brager Law Offices Of,7565 Green Valley Rd,Placerville,El Dorado,CA,95667,530-626-1934,530-626-6128,hillary@holmes.com,http://www.hillaryholmes.comIone,Kucera,Tweedy Penney & Crawford,94210 Pupukahi St  #-201a,Waipahu,Honolulu,HI,96797,808-671-5253,808-671-3048,ione@kucera.com,http://www.ionekucera.comIsaac,Davensizer,Dillon Measurement Instruments,444 Nahua St,Honolulu,Honolulu,HI,96815,808-544-5794,808-544-6357,isaac@davensizer.com,http://www.isaacdavensizer.comIsaac,Zackery,Holiday Inn Of Issaquah,321 Palmer Rd,Denville,Morris,NJ,7834,973-328-5943,973-328-1903,isaac@zackery.com,http://www.isaaczackery.comIsabell,Armout,True Electric Corp,7895 S Cessna Ave,Gaithersburg,Montgomery,MD,20879,301-921-0406,301-921-1251,isabell@armout.com,http://www.isabellarmout.comIsiah,Phernetton,Wyckoff Florist & Gifts,246 Griffing Ave,Riverhead,Suffolk,NY,11901,631-727-0917,631-727-2147,isiah@phernetton.com,http://www.isiahphernetton.comJacinto,Gawron,Matt Kokkonen Insurance Agency,1740 House,Lumberville,Bucks,PA,18933,215-297-0120,215-297-5442,jacinto@gawron.com,http://www.jacintogawron.comJacklyn,Emayo,Super 8 Motel Temple,101 Us Highway 46,Fairfield,Essex,NJ,7004,973-882-3960,973-882-1908,jacklyn@emayo.com,http://www.jacklynemayo.comJade,Erlebach,Vickery Tape & Label Co Inc,975 Flynn Rd,Camarillo,Ventura,CA,93012,805-445-8331,805-445-9961,jade@erlebach.com,http://www.jadeerlebach.comJannie,Bowditch,Lindsays Landing Rv Pk & Mrna,1102 Main St,Grandview,Jackson,MO,64030,816-765-0961,816-765-3469,jannie@bowditch.com,http://www.janniebowditch.comJarrett,Kenzie,Young Men Christian Assn Cnty,11551 Riverpark Way,Chesterfield,Chesterfield,VA,23838,804-739-3007,804-739-7905,jarrett@kenzie.com,http://www.jarrettkenzie.comJarvis,Galas,Younghans & Burke,307 E President St,Savannah,Chatham,GA,31401,912-236-8524,912-236-8705,jarvis@galas.com,http://www.jarvisgalas.comJeanie,Dalen,Ivs Media Inc,2900 Ford Rd,Bristol,Bucks,PA,19007,215-788-5062,215-788-7666,jeanie@dalen.com,http://www.jeaniedalen.comJeremy,Lampi,E Henderson Inc,150 Sawkill Ave,Milford,Pike,PA,18337,570-296-7797,570-296-4647,jeremy@lampi.com,http://www.jeremylampi.comJess,Assad,Livingston City,9100 F St,Omaha,Douglas,NE,68127,402-331-0470,402-331-4974,jess@assad.com,http://www.jessassad.comJessie,Barkle,Days Inn Airport By Mall Amer,1002 S Treadaway Blvd,Abilene,Taylor,TX,79602,325-677-1190,325-677-2343,jessie@barkle.com,http://www.jessiebarkle.comJewel,Agresta,Md Assn Cert Pub Accts Inc,4565 Harrison St,Hillside,Cook,IL,60162,708-449-7139,708-449-2963,jewel@agresta.com,http://www.jewelagresta.comJimmie,Barninger,California Paint & Wlpaper Str,Box #-4038,Modesto,Stanislaus,CA,95352,209-525-7568,209-525-4389,jimmie@barninger.com,http://www.jimmiebarninger.comJimmie,Hardgrove,Prosthodontic Associates,305 E 47th St,New York,New York,NY,10017,212-980-0445,212-980-6914,jimmie@hardgrove.com,http://www.jimmiehardgrove.comJimmie,Kertzman,Oregon Pacific Trading Co,279 Puuhale Rd,Honolulu,Honolulu,HI,96819,808-841-2883,808-841-1772,jimmie@kertzman.com,http://www.jimmiekertzman.comJimmie,Zarzycki,John C Auth,215 E Pikes Peak Ave,Colorado Springs,El Paso,CO,80903,719-632-0667,719-632-5612,jimmie@zarzycki.com,http://www.jimmiezarzycki.comJimmy,Hrobsky,Howard Johnson,8253 Ronson Rd,San Diego,San Diego,CA,92111,858-268-4663,858-268-4964,jimmy@hrobsky.com,http://www.jimmyhrobsky.comJoel,Nardo,New Era Canning Co,5150 Town Center Cir,Boca Raton,Palm Beach,FL,33486,561-395-2277,561-395-7825,joel@nardo.com,http://www.joelnardo.comJoey,Bolick,Utility Trailer Sales,7700 N Council Rd,Oklahoma City,Oklahoma,OK,73132,405-728-5972,405-728-5244,joey@bolick.com,http://www.joeybolick.comJoey,Sedore,Goodwill Speciality Co,1647 E Palmdale Blvd,Palmdale,Los Angeles,CA,93550,661-273-4188,661-273-6263,joey@sedore.com,http://www.joeysedore.comJohn,Chipley,Manpower Temporary Services,2 Horizon Rd  #-2,Fort Lee,Bergen,NJ,7024,201-224-7741,201-224-7282,john@chipley.com,http://www.johnchipley.comJonathon,Waldall,Mission Hills Escrow,300 Hampton St,Walterboro,Colleton,SC,29488,843-549-9461,843-549-0125,jonathon@waldall.com,http://www.jonathonwaldall.comJosephine,Sotlar,Shipp Storage,400 1st St Nw,Washington,District of Columbia,DC,20001,202-783-2772,202-783-8805,josephine@sotlar.com,http://www.josephinesotlar.comJude,Haza,Howard Fabrication,1348 Liberty Pike,Franklin,Williamson,TN,37067,615-790-3984,615-790-3042,jude@haza.com,http://www.judehaza.comJudi,Kivel,Postal Place At 111th Square,125 N Emporia St,Wichita,Sedgwick,KS,67202,316-267-2178,316-267-5183,judi@kivel.com,http://www.judikivel.comJudy,Gartenmayer,Pro Infusion Pharm Inc,3260 W New Haven Ave,Melbourne,Brevard,FL,32904,321-676-3091,321-676-3378,judy@gartenmayer.com,http://www.judygartenmayer.comJunior,Wadlinger,Sonos Music,185 E Market St,Warren,Trumbull,OH,44481,330-393-9794,330-393-6808,junior@wadlinger.com,http://www.juniorwadlinger.comKaren,Flierl,Cook Vetter Doerhoff,501 N I  #-h35,Austin,Travis,TX,78702,512-477-1826,512-477-1407,karen@flierl.com,http://www.karenflierl.comKaren,Zombo,Healthcare Family Credit Union,3112 W Kennedy Blvd,Tampa,Hillsborough,FL,33609,813-872-4288,813-872-8262,karen@zombo.com,http://www.karenzombo.comKarla,Ken,Nicollet Process Engineering,2135 11th St,Rockford,Winnebago,IL,61104,815-968-0369,815-968-7904,karla@ken.com,http://www.karlaken.comKathie,Argenti,Microtel Franchise & Dev Corp,410 Front St,Brainerd,Crow Wing,MN,56401,218-828-9253,218-828-1401,kathie@argenti.com,http://www.kathieargenti.comKathleen,Beresnyak,R & E Associates,100 W 25th Ave,San Mateo,San Mateo,CA,94403,650-349-6809,650-349-5962,kathleen@beresnyak.com,http://www.kathleenberesnyak.comKatina,Survant,Kgtv Channel 10,590 N 2nd E,Mountain Home,Elmore,ID,83647,208-587-3734,208-587-5574,katina@survant.com,http://www.katinasurvant.comKeisha,Ransonet,Hsk Decker,1049 Lakloey Dr,North Pole,Fairbanks North Star,AK,99705,907-488-6897,907-488-2093,keisha@ransonet.com,http://www.keisharansonet.comKelli,Varrato,Frances Meyer Inc,2505 Congress St,San Diego,San Diego,CA,92110,858-298-3969,858-298-6695,kelli@varrato.com,http://www.kellivarrato.comKennith,Kirklin,Sears Roebuck And Co,2303 21st Ave S,Nashville,Davidson,TN,37212,615-385-1598,615-385-6946,kennith@kirklin.com,http://www.kennithkirklin.comKerry,Evertt,Washington Crossing Inn,337 S North Lake Blvd,Altamonte Springs,Seminole,FL,32701,407-332-9851,407-332-1718,kerry@evertt.com,http://www.kerryevertt.comKira,Papen,Tile City & Carpet Of Pa,8387 University Ave,La Mesa,San Diego,CA,91941,619-464-3649,619-464-8499,kira@papen.com,http://www.kirapapen.comKira,Staffon,International Management Assoc,933 Wiliwili St,Honolulu,Honolulu,HI,96826,808-949-0941,808-949-8257,kira@staffon.com,http://www.kirastaffon.comKory,Wooldridge,Paper Stock Dealers Inc,1525 E 53rd St,Chicago,Cook,IL,60615,312-753-6734,312-753-2693,kory@wooldridge.com,http://www.korywooldridge.comKris,Stanzak,Cenref Labs,3100 Dodge St,Dubuque,Dubuque,IA,52003,563-557-2588,563-557-6308,kris@stanzak.com,http://www.krisstanzak.comKristine,Paker,Chagrin Valley Massotherapy,301 N Pine St,Creston,Union,IA,50801,641-782-7169,641-782-7962,kristine@paker.com,http://www.kristinepaker.comKrystle,Stika,Signature Inn,3730 Fm,Houston,Harris,TX,77068,281-537-5324,281-537-3235,krystle@stika.com,http://www.krystlestika.comKurtis,Asberry,Budgetel Inns,Box #-37223,El Paso,El Paso,TX,79937,915-591-1621,915-591-3614,kurtis@asberry.com,http://www.kurtisasberry.comKurtis,Mcbay,P C Enterprises Ltd,737 Levittown Ctr,Levittown,Bucks,PA,19055,215-946-6048,215-946-6458,kurtis@mcbay.com,http://www.kurtismcbay.comKyle,Ferri,Ames Plumbing & Heating,1801 E 5th Ave,Anchorage,Anchorage,AK,99501,907-272-2216,907-272-7109,kyle@ferri.com,http://www.kyleferri.comKyle,Lindauer,Gem Tec Inc,2000 E Jefferson St,Phoenix,Maricopa,AZ,85034,602-258-5196,602-258-8609,kyle@lindauer.com,http://www.kylelindauer.comKylie,Bridgeman,Thomas & Libowitz Pa,118 Lenzner Ct,Sewickley,Allegheny,PA,15143,412-741-4604,412-741-4236,kylie@bridgeman.com,http://www.kyliebridgeman.comLacy,Belmont,House Boat Rentals Inc,585 Bedford Rd,Bedford Hills,Westchester,NY,10507,914-241-8888,914-241-2272,lacy@belmont.com,http://www.lacybelmont.comLacy,Hyten,Buy & Sell Press,1 Palmer Sq,Princeton,Mercer,NJ,8542,609-683-3558,609-683-0649,lacy@hyten.com,http://www.lacyhyten.comLacy,Woodfin,Enviro Dynamics,130 Wyoming Ave,Scranton,Lackawanna,PA,18503,570-348-3754,570-348-4204,lacy@woodfin.com,http://www.lacywoodfin.comLana,Garrigus,Russell Builders & Hardware,118 Ne 3rd St,McMinnville,Yamhill,OR,97128,503-434-2642,503-434-8121,lana@garrigus.com,http://www.lanagarrigus.comLane,Brantz,Kings Inn,106 Erie St,Hutchinson,McLeod,MN,55350,320-587-2903,320-587-3448,lane@brantz.com,http://www.lanebrantz.comLashonda,Derouen,Travel Agent Magazine,101 Royal St,Alexandria,Alexandria City,VA,22314,703-684-3394,703-684-0307,lashonda@derouen.com,http://www.lashondaderouen.comLashonda,Enote,Nichols Village The Inn,6301 Owensmouth Ave,Woodland Hills,Los Angeles,CA,91367,818-704-8490,818-704-7539,lashonda@enote.com,http://www.lashondaenote.comLatisha,Bahls,Search South Inc,3 E 4th St,Cincinnati,Hamilton,OH,45202,513-784-5007,513-784-5275,latisha@bahls.com,http://www.latishabahls.comLaurie,Bibbs,Action Nursing Care Llc,2101 Claremont Ave Ne,Albuquerque,Bernalillo,NM,87107,505-881-2899,505-881-3771,laurie@bibbs.com,http://www.lauriebibbs.comLaurie,Bigg,Essc Inc,14500 Lakeside Cir,Sterling Heights,Macomb,MI,48313,586-247-6171,586-247-9791,laurie@bigg.com,http://www.lauriebigg.comLeif,Arguin,Cmplt Cmptg Solutions Ne,4508 Enterprise St,Fremont,Alameda,CA,94538,510-651-4937,510-651-8302,leif@arguin.com,http://www.leifarguin.comLesa,Chantry,Lutz Cichy Selig & Zeronda,1119 N Bodine St,Philadelphia,Philadelphia,PA,19123,215-923-0136,215-923-9492,lesa@chantry.com,http://www.lesachantry.comLina,Hybarger,L & H Central Office,1828 Jefferson Pl Nw,Washington,District of Columbia,DC,20036,202-833-4983,202-833-3174,lina@hybarger.com,http://www.linahybarger.comLizzie,Torregrossa,Salerno & Son,78 Faunce Corner Rd,North Dartmouth,Bristol,MA,2747,508-997-1409,508-997-9846,lizzie@torregrossa.com,http://www.lizzietorregrossa.comLona,Scronce,L & L Builders,Rte 6 & 209,Matamoras,Pike,PA,18336,570-296-4820,570-296-2054,lona@scronce.com,http://www.lonascronce.comLora,Lendor,Advanced Electromagnetics Inc,7 W Darlington Ave,Kissimmee,Osceola,FL,34741,407-870-0382,407-870-6229,lora@lendor.com,http://www.loralendor.comLuciano,Truiolo,Currier Gallery Of Art,435 Mira Vista Ter,Pasadena,Los Angeles,CA,91105,626-792-6850,626-792-5166,luciano@truiolo.com,http://www.lucianotruiolo.comLucien,Iurato,Anderson Consulting,3918 16th Ave,Brooklyn,Kings,NY,11218,718-871-7952,718-871-3483,lucien@iurato.com,http://www.lucieniurato.comLucius,Bagnoli,American Music Teacher,404 W Boonville New Harmony Rd,Evansville,Vanderburgh,IN,47711,812-867-2916,812-867-2593,lucius@bagnoli.com,http://www.luciusbagnoli.comLucius,Winchester,Barrett Paving Materials Inc,670 S Barrington Rd,Streamwood,Cook,IL,60107,630-289-9458,630-289-9033,lucius@winchester.com,http://www.luciuswinchester.comLuella,Pliner,United Waste Systems,3437 N 12th Ave,Pensacola,Escambia,FL,32503,850-434-2521,850-434-5228,luella@pliner.com,http://www.luellapliner.comLynda,Caraway,Lowe Art Museum,1822 Spring Garden St,Philadelphia,Philadelphia,PA,19130,215-564-3171,215-564-2241,lynda@caraway.com,http://www.lyndacaraway.comLynda,Youtsey,Accurate Color Inc,1370 S Bertelsen Rd,Eugene,Lane,OR,97402,541-342-0606,541-342-0655,lynda@youtsey.com,http://www.lyndayoutsey.comLyndon,Bellerdine,A B C Lock & Key,200 California St,San Francisco,San Francisco,CA,94111,415-705-1956,415-705-2887,lyndon@bellerdine.com,http://www.lyndonbellerdine.comLynette,Setlock,George S Olive & Co,614 W Superior Ave,Cleveland,Cuyahoga,OH,44113,216-566-2265,216-566-2299,lynette@setlock.com,http://www.lynettesetlock.comLynn,Saulsberry,Printing Factory Inc,2725 W Mcdowell Rd,Phoenix,Maricopa,AZ,85009,602-272-8326,602-272-3143,lynn@saulsberry.com,http://www.lynnsaulsberry.comMabel,Weeden,Pepsi Cola Gen Bottlers Inc,300 E Phillips St,Richardson,Dallas,TX,75081,972-235-5619,972-235-1843,mabel@weeden.com,http://www.mabelweeden.comMadonna,Cosby,Emanuel Reider Architects Inc,135 Main St,San Francisco,San Francisco,CA,94105,415-956-4437,415-956-5134,madonna@cosby.com,http://www.madonnacosby.comMalissa,Ziesemer,Electron Rentals Inc,330 S Ocean Blvd,Palm Beach,Palm Beach,FL,33480,561-655-6443,561-655-9129,malissa@ziesemer.com,http://www.malissaziesemer.comManuel,Dienhart,Bohning Co Ltd,40 E Mcmicken Ave,Cincinnati,Hamilton,OH,45210,513-357-4669,513-357-7989,manuel@dienhart.com,http://www.manueldienhart.comMara,Rineheart,Berry Naturipe Growers,39 W 21st St,Northampton,Northampton,PA,18067,610-262-2444,610-262-6836,mara@rineheart.com,http://www.mararineheart.comMara,Vanderzwaag,Brown & Brown Law Office,2550 E Lucas Dr,Beaumont,Jefferson,TX,77703,409-892-1231,409-892-8492,mara@vanderzwaag.com,http://www.maravanderzwaag.comMarc,Wanger,Welsh Company,33 Harrison Ave,Boston,Suffolk,MA,2111,617-426-6393,617-426-1114,marc@wanger.com,http://www.marcwanger.comMarcelino,Maggs,Rascher & Betzold Inc,201 E Pine St,Orlando,Orange,FL,32801,407-420-1152,407-420-7195,marcelino@maggs.com,http://www.marcelinomaggs.comMarcelo,Arostegui,Moraschs Quality Meats,76 Mall Comp,Branson,Taney,MO,65616,417-336-9702,417-336-2664,marcelo@arostegui.com,http://www.marceloarostegui.comMarcie,Shulz,United Printers Inc,Blanco Rd,San Antonio,Bexar,TX,78216,210-524-6711,210-524-1693,marcie@shulz.com,http://www.marcieshulz.comMari,Hwang,Play Craft Pontoon Co,23352 El Toro Rd,Lake Forest,Orange,CA,92630,949-583-6901,949-583-7758,mari@hwang.com,http://www.marihwang.comMariano,Maury,Donut & Sandwich Shop,1092 Saint Georges Ave,Rahway,Union,NJ,7065,732-388-1579,732-388-9355,mariano@maury.com,http://www.marianomaury.comMarietta,Bjornberg,Consolidated Mechanical Inc,1515 Wyoming St,Missoula,Missoula,MT,59801,406-728-0501,406-728-5507,marietta@bjornberg.com,http://www.mariettabjornberg.comMarisa,Smiler,Star Systems Inc,200 Broadhollow Rd,Melville,Suffolk,NY,11747,631-673-3339,631-673-1556,marisa@smiler.com,http://www.marisasmiler.comMarla,Folz,Odonoghue C Kevin,201 Electronics Blvd Sw,Huntsville,Madison,AL,35824,256-464-3329,256-464-6964,marla@folz.com,http://www.marlafolz.comMary,Maurizio,Carey Filter White & Boland,404 Main St,Delta,Fulton,OH,43515,419-822-7176,419-822-0591,mary@maurizio.com,http://www.marymaurizio.comMaryann,Garnette,Catholic University Of,582 Centerville Rd,Lancaster,Lancaster,PA,17601,717-560-6671,717-560-5625,maryann@garnette.com,http://www.maryanngarnette.comMaurine,Monroy,Central Distribution System,2000 Linwood Ave,Fort Lee,Bergen,NJ,7024,201-947-8922,201-947-4235,maurine@monroy.com,http://www.maurinemonroy.comMayme,Staub,River House Hotel,2470 Lamington Rd,Bedminster,Somerset,NJ,7921,908-234-9338,908-234-9433,mayme@staub.com,http://www.maymestaub.comMaynard,Kaewprasert,Decatur Studio Inc,1224 S Hope St,Los Angeles,Los Angeles,CA,90015,213-747-6026,213-747-3088,maynard@kaewprasert.com,http://www.maynardkaewprasert.comMelinda,Carleton,Cenol Co,395 Revilo Ave,Shirley,Suffolk,NY,11967,631-399-1636,631-399-6025,melinda@carleton.com,http://www.melindacarleton.comMelvin,Auteri,Interstate Unltd Fed Crdt Un,463 Beacon St,Boston,Suffolk,MA,2115,617-247-8022,617-247-6002,melvin@auteri.com,http://www.melvinauteri.comMeredith,Ivrin,Hamilton Financial Corp,323 N Gilbert St,Danville,Vermilion,IL,61832,217-446-7172,217-446-2369,meredith@ivrin.com,http://www.meredithivrin.comMillicent,Ekstrom,Personal Creations Inc,151 Brown St  #-b,Lawrenceburg,Dearborn,IN,47025,812-537-7287,812-537-5442,millicent@ekstrom.com,http://www.millicentekstrom.comMilton,Kuhlman,Imag Corp,237 Jackson St Sw,Camden,Ouachita,AR,71701,870-836-9021,870-836-2283,milton@kuhlman.com,http://www.miltonkuhlman.comMiquel,Demicco,Welk Resort Center,5921 S Middlefield Rd,Littleton,Jefferson,CO,80123,303-730-8080,303-730-8087,miquel@demicco.com,http://www.miqueldemicco.comMisty,Ericksen,Graham & Associates Inc,1808 2nd,Cheney,Spokane,WA,99004,509-235-8873,509-235-1856,misty@ericksen.com,http://www.mistyericksen.comMitch,Schattner,Cosgrove Eisenberg & Kiley Pc,3001 Geary Blvd,San Francisco,San Francisco,CA,94118,415-668-8105,415-668-5841,mitch@schattner.com,http://www.mitchschattner.comMitchel,Harnar,Copycat Quick Print,1810 Pioneer Ave,Cheyenne,Laramie,WY,82001,307-632-0256,307-632-2516,mitchel@harnar.com,http://www.mitchelharnar.comMorton,Crummell,Boykin Management Co,5485 Conestoga Ct,Boulder,Boulder,CO,80301,303-546-3698,303-546-1589,morton@crummell.com,http://www.mortoncrummell.comNadia,Wilshire,Midwest Undercar Distributors,1801 West Ave S,La Crosse,La Crosse,WI,54601,608-788-4965,608-788-5946,nadia@wilshire.com,http://www.nadiawilshire.comNanette,Turansky,Sheraton Society Hill Hotel,52 S 2nd St,Easton,Northampton,PA,18042,610-250-6188,610-250-4334,nanette@turansky.com,http://www.nanetteturansky.comNaomi,Caetano,Bashlin Industries Inc,50 Spring St  #-1,Cresskill,Bergen,NJ,7626,201-569-3572,201-569-5795,naomi@caetano.com,http://www.naomicaetano.comNaomi,Greenly,Kpmg Peat Marwick Llp,1400 Gault Ave N,Fort Payne,De Kalb,AL,35967,256-845-1216,256-845-2469,naomi@greenly.com,http://www.naomigreenly.comNaomi,Mcraven,Oak Brook Capital Corp,13456 Se 27th Pl,Bellevue,King,WA,98005,425-641-5463,425-641-5923,naomi@mcraven.com,http://www.naomimcraven.comNathanial,Phoenix,Precision Steel Rule Die Co,1000 Nw 105th St,Oklahoma City,Oklahoma,OK,73114,405-748-7637,405-748-1856,nathanial@phoenix.com,http://www.nathanialphoenix.comNeil,Backus,Smith Capital Management,521 5th Ave,New York,New York,NY,10175,212-537-4955,212-537-1181,neil@backus.com,http://www.neilbackus.comNeva,Marsell,Comfort Inn Wilshire,1312 W Lincoln Ave,Olivia,Renville,MN,56277,320-523-4975,320-523-8378,neva@marsell.com,http://www.nevamarsell.comNorman,Betance,Precision Electric Co Inc,7949 E Acoma Dr,Scottsdale,Maricopa,AZ,85260,480-991-7884,480-991-6547,norman@betance.com,http://www.normanbetance.comOfelia,Sheffler,Rimpsey Agency,628 Pacific Ave,Oxnard,Ventura,CA,93030,805-483-7161,805-483-5693,ofelia@sheffler.com,http://www.ofeliasheffler.comOma,Duffy,Laun Law Offices,255 Industrial Dr,Franklin,Warren,OH,45005,937-746-7537,937-746-4129,oma@duffy.com,http://www.omaduffy.comPatty,Bernasconi,Porter Wright Morris & Arthur,851 Fort Street Mall,Honolulu,Honolulu,HI,96813,808-531-2621,808-531-6234,patty@bernasconi.com,http://www.pattybernasconi.comPeggy,Hohlstein,Steritek Inc,Rt 20,Westfield,Hampden,MA,1085,413-543-2933,413-543-3805,peggy@hohlstein.com,http://www.peggyhohlstein.comPetra,Clemmens,Belton Industries Inc,980 N Federal Hwy,Boca Raton,Palm Beach,FL,33432,561-394-2152,561-394-1574,petra@clemmens.com,http://www.petraclemmens.comPetra,Mcnichol,Hyacinth Foundation Aids Proj,670 S Barrington Rd,Streamwood,Cook,IL,60107,630-289-8190,630-289-8985,petra@mcnichol.com,http://www.petramcnichol.comPierre,Salera,Ridley Ridley & Burnette,1601 S Shamrock Ave,Monrovia,Los Angeles,CA,91016,626-303-9233,626-303-2569,pierre@salera.com,http://www.pierresalera.comPilar,Suddeth,Slant Fin Corp,3700 Campus Dr,Newport Beach,Orange,CA,92660,949-852-5463,949-852-9027,pilar@suddeth.com,http://www.pilarsuddeth.comPrince,Kauk,Mckesson Drug Co,2320 W Louise Dr,Phoenix,Maricopa,AZ,85027,623-581-7435,623-581-2472,prince@kauk.com,http://www.princekauk.comQuintin,Isacson,Spectrum Constrctn & Dev Corp,1015 N Cahuenga Blvd,Los Angeles,Los Angeles,CA,90038,323-469-0643,323-469-3082,quintin@isacson.com,http://www.quintinisacson.comRachel,Larrison,Ipa The Editing House,3721 Oberlin Ave,Lorain,Lorain,OH,44053,440-282-3729,440-282-6918,rachel@larrison.com,http://www.rachellarrison.comRamon,Amaral,Air Academy Federal Credit Un,700 W Highway 287,Lander,Fremont,WY,82520,307-332-2667,307-332-3893,ramon@amaral.com,http://www.ramonamaral.comRandal,Gansen,Quik Print,1 First Federal Plz,Rochester,Monroe,NY,14614,585-238-8558,585-238-7764,randal@gansen.com,http://www.randalgansen.comRandall,Kluemper,Lifestyles Organization,Rt 16,North Conway,Carroll,NH,3860,603-356-3217,603-356-6174,randall@kluemper.com,http://www.randallkluemper.comRaphael,Bickel,S Shamash & Sons Inc,550 N Brand Blvd  #-800,Glendale,Los Angeles,CA,91203,818-246-1195,818-246-4734,raphael@bickel.com,http://www.raphaelbickel.comRay,Srock,Tilt Lock Inc,8700 E Pinnacle Peak Rd,Scottsdale,Maricopa,AZ,85255,480-585-6138,480-585-4983,ray@srock.com,http://www.raysrock.comRebeca,Brumet,Kingston Office Supplies Inc,936 N Western Ave,Chicago,Cook,IL,60622,773-772-4015,773-772-1603,rebeca@brumet.com,http://www.rebecabrumet.comRebekah,Lindboe,Granite Corporation,600 Las Colinas Blvd E,Irving,Dallas,TX,75039,972-556-1121,972-556-0801,rebekah@lindboe.com,http://www.rebekahlindboe.comRebekah,Padley,Reed Engineering Inc,200 E Delawr Pl,Chicago,Cook,IL,60611,312-944-1877,312-944-1477,rebekah@padley.com,http://www.rebekahpadley.comReggie,Streu,Als Motors Inc,15 Henderson Dr,Caldwell,Essex,NJ,7006,973-575-5898,973-575-9328,reggie@streu.com,http://www.reggiestreu.comReginald,Humes,Cowley & Chidester,44 N Main St,Wolfeboro,Carroll,NH,3894,603-569-7730,603-569-8142,reginald@humes.com,http://www.reginaldhumes.comReginald,Lunan,Healey Chevy Olds Buick Geo,985 Parker Ct,Santa Clara,Santa Clara,CA,95050,408-727-1747,408-727-0884,reginald@lunan.com,http://www.reginaldlunan.comReina,Reisenauer,Terrance Fox,207 N Main St,Hutchins,Dallas,TX,75141,972-225-9930,972-225-9569,reina@reisenauer.com,http://www.reinareisenauer.comReina,Wolchesky,Highland Management Group,305 W Washington St,Brainerd,Crow Wing,MN,56401,218-828-7281,218-828-3231,reina@wolchesky.com,http://www.reinawolchesky.comRena,Griffeth,Reliable Optical,19901 Nordhoff St,Northridge,Los Angeles,CA,91324,818-709-9165,818-709-2649,rena@griffeth.com,http://www.renagriffeth.comRenae,Eldrige,Pexco Packaging Corp,1716 Rt 77,Attica,Wyoming,NY,14011,585-591-3118,585-591-9104,renae@eldrige.com,http://www.renaeeldrige.comRene,Dummermuth,Super 8 Motel,2 Ridgedale Ave,Cedar Knolls,Morris,NJ,7927,973-292-7918,973-292-5898,rene@dummermuth.com,http://www.renedummermuth.comReva,Lecates,First American Rlty Assoc Inc,829 S 14th St,Fernandina Beach,Nassau,FL,32034,904-261-0604,904-261-2123,reva@lecates.com,http://www.revalecates.comReyna,Bangle,C & R Contractors Inc,85 Long Island Expy,New Hyde Park,Nassau,NY,11040,516-627-8715,516-627-9033,reyna@bangle.com,http://www.reynabangle.comRita,Center,R D Playman Co,4013 Cameron St  #-b,Lafayette,Lafayette,LA,70506,337-269-8825,337-269-7011,rita@center.com,http://www.ritacenter.comRobbie,Deshay,Cornhusker Press,1700 Terminal St,West Sacramento,Yolo,CA,95691,916-372-5032,916-372-1333,robbie@deshay.com,http://www.robbiedeshay.comRobin,Schartz,Fairmount Country Club,10175 Joerschke Dr,Grass Valley,Nevada,CA,95945,530-477-9983,530-477-7396,robin@schartz.com,http://www.robinschartz.comRodrigo,Wildrick,Midwest Wrecking Company Inc,1201 34th St N,Saint Petersburg,Pinellas,FL,33713,727-323-5060,727-323-5982,rodrigo@wildrick.com,http://www.rodrigowildrick.comRolando,Baumann,Erie Brush Co,921 Sw Washington St  #-321,Portland,Multnomah,OR,97205,503-241-6723,503-241-7691,rolando@baumann.com,http://www.rolandobaumann.comRosalyn,Daulton,Rodgard Corp,300 Broadacres Dr,Bloomfield,Essex,NJ,7003,973-338-8552,973-338-1603,rosalyn@daulton.com,http://www.rosalyndaulton.comRosanna,Sandrock,Computer X Consulting,1797 Lakewood Ter Se,Atlanta,Fulton,GA,30315,404-627-4604,404-627-4276,rosanna@sandrock.com,http://www.rosannasandrock.comRoseann,Jerko,Larry Farmer Appraisal Co Inc,850 Glen Ave,Moorestown,Burlington,NJ,8057,856-866-4945,856-866-1542,roseann@jerko.com,http://www.roseannjerko.comRoss,Spurger,Hoover Group Inc,710 S Illinois Ave,Carbondale,Jackson,IL,62901,618-453-9968,618-453-6144,ross@spurger.com,http://www.rossspurger.comRoxie,Varenhorst,Good Neighbor Real Estate,1301 Dublin Rd,Columbus,Franklin,OH,43215,614-487-2917,614-487-4227,roxie@varenhorst.com,http://www.roxievarenhorst.comRuthie,Zortman,Review Monterey Peninsula,4508 Enterprise St,Fremont,Alameda,CA,94538,510-651-1410,510-651-1242,ruthie@zortman.com,http://www.ruthiezortman.comSabrina,Deppert,Americold,2701 E Thomas Rd  #-j,Phoenix,Maricopa,AZ,85016,602-954-4343,602-954-6266,sabrina@deppert.com,http://www.sabrinadeppert.comSadie,Rowlett,Port City Taxi Inc,2659 Webster Ave,Bronx,Bronx,NY,10458,718-365-1753,718-365-5353,sadie@rowlett.com,http://www.sadierowlett.comSamantha,Bordwell,Interwest Freight System Inc,23405 Sw 152nd Ct,Homestead,Miami-Dade,FL,33032,305-247-8402,305-247-4599,samantha@bordwell.com,http://www.samanthabordwell.comSandra,Graen,Action Remediation Co,106 Erie St,Hutchinson,McLeod,MN,55350,320-587-3844,320-587-7201,sandra@graen.com,http://www.sandragraen.comSaundra,Mcaulay,Rcf Inc,2401 Cleveland Rd W,Huron,Erie,OH,44839,419-433-5558,419-433-9756,saundra@mcaulay.com,http://www.saundramcaulay.comSavannah,Kesich,Wbnd Am,221 Main,Park City,Summit,UT,84060,435-645-0986,435-645-9504,savannah@kesich.com,http://www.savannahkesich.comSavannah,Loffier,Saint Charles Catv,501 S Johnstone Ave,Bartlesville,Washington,OK,74003,918-337-3201,918-337-4947,savannah@loffier.com,http://www.savannahloffier.comSean,Bonnet,Corporate Alternatives Inc,3043 Ridge Rd,Lansing,Cook,IL,60438,708-474-4766,708-474-0011,sean@bonnet.com,http://www.seanbonnet.comShanna,Neundorfer,Door Systems,833 E Allegheny Ave,Philadelphia,Philadelphia,PA,19134,215-426-9722,215-426-8416,shanna@neundorfer.com,http://www.shannaneundorfer.comShanna,Numkena,Anderson Independent Mail,1426 5th Pl Nw,Rochester,Olmsted,MN,55901,507-280-1856,507-280-6844,shanna@numkena.com,http://www.shannanumkena.comSharlene,Circelli,Calibron Systems Inc,4018 W Clearwater Ave,Kennewick,Benton,WA,99336,509-783-5167,509-783-7346,sharlene@circelli.com,http://www.sharlenecircelli.comSheila,Holloran,Warehouse On Wheels,126 S Main St,Clyde,Sandusky,OH,43410,419-547-9428,419-547-4835,sheila@holloran.com,http://www.sheilaholloran.comSherwood,Detillier,Minteq International,Box #-851,Woodland Hills,Los Angeles,CA,91365,818-703-9160,818-703-0447,sherwood@detillier.com,http://www.sherwooddetillier.comSheryl,Sisofo,Thrifty Sign Stop,1049 S Mccord Rd,Holland,Lucas,OH,43528,419-865-8702,419-865-1836,sheryl@sisofo.com,http://www.sherylsisofo.comSocorro,Balandran,Mooring,401 S Main St,Greensburg,Westmoreland,PA,15601,724-834-6908,724-834-8831,socorro@balandran.com,http://www.socorrobalandran.comSon,Marschke,Evenings Dlght Fireplaces,1119 Wheeler Ave,Scranton,Lackawanna,PA,18510,570-969-0886,570-969-8176,son@marschke.com,http://www.sonmarschke.comStephen,Seiters,Us Mortgage Corp,814 Blue Mound Rd,Fort Worth,Tarrant,TX,76131,817-947-3102,817-947-6272,stephen@seiters.com,http://www.stephenseiters.comSteve,Schorr,Midwest Fire Protection Inc,1810 N King St,Honolulu,Honolulu,HI,96819,808-842-7045,808-842-7338,steve@schorr.com,http://www.steveschorr.comSuzette,Devaughan,Anchor Graphics Inc,385 Prospect Ave,Hackensack,Bergen,NJ,7601,201-342-8964,201-342-9862,suzette@devaughan.com,http://www.suzettedevaughan.comSybil,Marmerchant,Blvd Distillers & Importers,12 E 7th Ave,York,York,PA,17404,717-845-4718,717-845-4736,sybil@marmerchant.com,http://www.sybilmarmerchant.comTamara,Declue,Glen Burnie The Bank Of,1900 W Loop S  #-600,Houston,Harris,TX,77027,713-871-3958,713-871-6355,tamara@declue.com,http://www.tamaradeclue.comTaylor,Fogerty,Khoury Factory Outlet,2000 W 120th Ave,Denver,Adams,CO,80234,303-465-0070,303-465-2109,taylor@fogerty.com,http://www.taylorfogerty.comTeri,Erlewine,League Of Kans Municipalities,370 34th St St,Saint Petersburg,Pinellas,FL,33711,727-327-3850,727-327-8494,teri@erlewine.com,http://www.terierlewine.comTerrance,Nimmer,C D Short Foods Inc,1400 N Woodward Ave,Bloomfield Hills,Oakland,MI,48304,248-647-0653,248-647-1999,terrance@nimmer.com,http://www.terrancenimmer.comTerrell,Rodda,Woodland Village Nursing Home,200 Cottontail Ln,Somerset,Somerset,NJ,8873,732-563-5361,732-563-1293,terrell@rodda.com,http://www.terrellrodda.comTheron,Hambright,Sensor Oil And Gas Inc,905 Brooks Ave,Holland,Ottawa,MI,49423,616-392-2074,616-392-0226,theron@hambright.com,http://www.theronhambright.comTia,Lino,Superior Gundrilling,35375 Highway 228,Brownsville,Linn,OR,97327,541-466-2483,541-466-1661,tia@lino.com,http://www.tialino.comTia,Neumaier,Carterville Mini Storage,2500 Maitland Center Pky,Maitland,Orange,FL,32751,407-660-7426,407-660-7628,tia@neumaier.com,http://www.tianeumaier.comTiffany,Knust,Vantage Products,1425 Koll Cir  #-107,San Jose,Santa Clara,CA,95112,408-453-0357,408-453-1525,tiffany@knust.com,http://www.tiffanyknust.comTimothy,Janski,Snyder Chevrolet Olds Geo Co,800 E Dimond Blvd,Anchorage,Anchorage,AK,99515,907-344-4330,907-344-4086,timothy@janski.com,http://www.timothyjanski.comTisha,Gorder,Paroly Rampart Sec Systems,77 W Huron St,Chicago,Cook,IL,60610,312-642-2897,312-642-2664,tisha@gorder.com,http://www.tishagorder.comTitus,Rodreguez,Vasquez & Co,7677 Engineer Rd,San Diego,San Diego,CA,92111,858-571-0819,858-571-9047,titus@rodreguez.com,http://www.titusrodreguez.comTori,Villaescusa,Church Point Whol Gr Co Inc,1006 S San Pedro St,Los Angeles,Los Angeles,CA,90015,213-748-7617,213-748-5668,tori@villaescusa.com,http://www.torivillaescusa.comTraci,Toomey,Pea Press,Box #-1948,Jackson,Teton,WY,83001,307-733-9708,307-733-6525,traci@toomey.com,http://www.tracitoomey.comTravis,Brockert,Santa Cruz Title Co,7828 N 19th Ave,Phoenix,Maricopa,AZ,85021,602-995-1362,602-995-0966,travis@brockert.com,http://www.travisbrockert.comTyree,Courrege,Stitch Craft,13201 Northwest Fwy,Houston,Harris,TX,77040,713-690-9216,713-690-4043,tyree@courrege.com,http://www.tyreecourrege.comTyron,Quillman,Analysts International Corp,5300 Shawnee Rd,Alexandria,Fairfax,VA,22312,703-354-9266,703-354-2554,tyron@quillman.com,http://www.tyronquillman.comVal,Oborne,Stone Container Corporation,7846 Clybourn Ave,Sun Valley,Los Angeles,CA,91352,818-767-1347,818-767-5123,val@oborne.com,http://www.valoborne.comValentine,Granberry,Sunnyvale Travel,1019 Shadick Dr,Orange City,Volusia,FL,32763,407-775-4269,407-775-0598,valentine@granberry.com,http://www.valentinegranberry.comValeria,Lingbeek,Recreation Director,State,Newtown,Bucks,PA,18940,215-968-8421,215-968-1567,valeria@lingbeek.com,http://www.valerialingbeek.comVan,Leanen,Mail Boxes Etc,Bus Rt 54 & Hh,Lake Ozark,Camden,MO,65049,573-365-0319,573-365-1055,van@leanen.com,http://www.vanleanen.comVanessa,Lewallen,Fargo Glass & Paint Co,5 E Main,Centerburg,Knox,OH,43011,740-625-8098,740-625-1696,vanessa@lewallen.com,http://www.vanessalewallen.comVernice,Resendes,Sorrento Cheese Co Inc,11796 Sheldon St,Sun Valley,Los Angeles,CA,91352,818-768-6234,818-768-7585,vernice@resendes.com,http://www.verniceresendes.comVernon,Engelman,Atlas Metal Cutting Inc,321 Watson St,Ripon,Fond du Lac,WI,54971,920-748-1387,920-748-3703,vernon@engelman.com,http://www.vernonengelman.comVeronica,Achorn,Guy Spradling,5201 Hanawalt Dr,El Paso,El Paso,TX,79903,915-772-3217,915-772-2346,veronica@achorn.com,http://www.veronicaachorn.comVince,Ettel,Breen Trucking,408 Main St,Springfield,Sarpy,NE,68059,402-399-6999,402-399-6478,vince@ettel.com,http://www.vinceettel.comViola,Mcsorley,First Bank Of Brunswick,6850 S Harlem Ave,Summit Argo,Cook,IL,60501,708-496-7428,708-496-8587,viola@mcsorley.com,http://www.violamcsorley.comVirgil,Chinni,Dorfman Abrams Music & Co,248 Libby St,Honolulu,Honolulu,HI,96819,808-841-9811,808-841-9646,virgil@chinni.com,http://www.virgilchinni.comWaldo,Edberg,Bush Building Corporation,2017 W Jackson St,Tupelo,Lee,MS,38801,662-842-4133,662-842-8645,waldo@edberg.com,http://www.waldoedberg.comWaldo,Sisk,Muller Drugs Inc,2211 Us Highway 19,Holiday,Pasco,FL,34691,727-934-3827,727-934-7181,waldo@sisk.com,http://www.waldosisk.comWarren,Speach,E Norwalk Crmc Tile & Mrbl Co,361 Park Ave,Scotch Plains,Union,NJ,7076,908-322-3846,908-322-6744,warren@speach.com,http://www.warrenspeach.comWes,Fontanella,Woodside Travel Trust,1369 W Redondo Beach Blvd,Gardena,Los Angeles,CA,90247,310-515-3065,310-515-2515,wes@fontanella.com,http://www.wesfontanella.comWilla,Dutt,Gutmann Leather Co Inc,2110 Peger Rd,Fairbanks,Fairbanks North Star,AK,99709,907-456-2885,907-456-2187,willa@dutt.com,http://www.willadutt.comWillard,Roughen,Nakamura Oyama & Assocs Inc,9 5officce Product Cent,Arlington,Tarrant,TX,76012,817-265-1847,817-265-0322,willard@roughen.com,http://www.willardroughen.comWilliam,Mahmud,Campbell Inn,1003 Northern Blvd,Manhasset,Nassau,NY,11030,516-365-3496,516-365-0493,william@mahmud.com,http://www.williammahmud.comWilmer,Constantineau,Nutra Source,1745 W 18th Ave,Eugene,Lane,OR,97402,541-345-4729,541-345-4884,wilmer@constantineau.com,http://www.wilmerconstantineau.comYvette,Kokoska,Automation Products Inc,200 Valley Dr,Brisbane,San Mateo,CA,94005,650-468-3592,650-468-7716,yvette@kokoska.com,http://www.yvettekokoska.comZane,Sulikowski,Meijer Associates Credit Union,2375 3rd St,Riverside,Riverside,CA,92507,951-683-4479,951-683-9932,zane@sulikowski.com,http://www.zanesulikowski.com